{
    "AsnId": "KROG_LpnReceipt_ASN01",
    "AsnLevelId": "LPN",
    "OriginFacilityId": null,
    "DestinationFacilityId": "DEMO-FAC-01",
    "AsnOriginTypeId": "P",
    "Extended": {},
    "EstimatedReceiptDate": null,
    "ReferenceShipmentId": null,
    "VerificationAttempted": false,
    "EstimatedWeight": 1.3228,
    "PreDeterminedLpnCount": 100.0,
    "ShippedLpns": 0.0,
    "ReceivedLpns": 0.0,
    "AsnVerificationDate": null,
    "PreReceiptStatusId": null,
    "Canceled": false,
    "ShippedDate": null,
    "VendorId": null,
    "CarrierId": null,
    "TrailerId": null,
    "AsnStatus": "1000",
    "BillOfLadingNumber": null,
    "FirstReceiptDate": null,
    "LastReceiptDate": null,
    "EstimatedVolume": 0.0706,
    "FacilityTimezone": null,
    "RrnId": null,
    "EstimatedDeliveryDate": null,
    "AsnRequestedService": [],
    "ShipmentAsnAssociation": [
        {
            "ShipmentId": "CS0000205",
            "AsnId": "KROG_ItemReceipt_ASN01"
        }
    ],
    "AsnLine": [],
    "Lpn": [
        {
            "LpnId": "DSGILpnReceiptLPN001",
            "LpnStatus": "1000",
            "LpnTypeId": "ILPN",
            "VolumeUomId": null,
            "PhysicalEntityCodeId": null,
            "EstimatedWeight": null,
            "VendorId": null,
            "FinalDestinationFacilityId": null,
            "DiversionCodeId": null,
            "ItemAttributesValidated": true,
            "LpnRequestedService": [],
            "FinalDestinationAddress": null,
            "LpnSizeTypeId": null,
            "FacilityTimezone": null,
            "MarkFor": null,
            "ParentLpnId": null,
            "AllocationTypeId": null,
            "BusinessUnitId": null,
            "LocationId": null,
            "WeightUomId": null,
            "Volume": null,
            "PreReceiptStatusId": null,
            "SingleItemLpn": true,
            "PurchaseOrderId": null,
            "Canceled": true,
            "DimensionUomId": null,
            "LpnDetail": [
                {                "LpnDetailId": "f48c362a-e628-4309-9bf5-b609bc628714",
                    "ItemId": "DEMO_ITEM_SKU01",
                    "ShippedQuantity": 100.0,
                    "QuantityUomId": "Unit",
                    "LpnDetailStatus": "1000",
                    "ExpiryDate": null,
                    "RetailPrice": null,
                    "CountryOfOrigin": null,
                    "AsnLineId": null,
                    "InventoryTypeId": null,
                    "InventoryAttribute1": null,
                    "InventoryAttribute2": null,
                    "InventoryAttribute3": null,
                    "InventoryAttribute4": null,
                    "InventoryAttribute5": null,
                    "PurchaseOrderLineId": null,
                    "BatchNumber": null,
                    "BusinessUnitId": null,
                    "StandardPackQuantity": null,
                    "ExternalOrderId": null,
                    "PurchaseOrderId": null,
                    "OriginalShippingFacilityId": null,
                    "StandardSubPackQuantity": null,
                    "VendorId": null,
                    "ExternalOrderLineId": null,
                    "SeasonYear": null,
                    "ManufacturingDate": null,
                    "Style": null,
                    "ProductClass": null,
                    "Season": null,
                    "CrossReferenceOrderId": null,
                    "HandlingUomQuantity": null,
                    "TierQuantity": null,
                    "CrossReferenceOrderLineId": null,
                    "PrereceiptAllocatedQuantity": null,
                    "LpnDetailAttribute": [],
                    "ProductStatusId": null
                }
            ]
        },
        {
            "LpnId": "DSGILpnReceiptLPN002",
            "LpnStatus": "1000",
            "LpnTypeId": "ILPN",
            "VolumeUomId": null,
            "PhysicalEntityCodeId": null,
            "EstimatedWeight": null,
            "VendorId": null,
            "FinalDestinationFacilityId": null,
            "DiversionCodeId": null,
            "ItemAttributesValidated": true,
            "LpnRequestedService": [],
            "FinalDestinationAddress": null,
            "LpnSizeTypeId": null,
            "FacilityTimezone": null,
            "MarkFor": null,
            "ParentLpnId": null,
            "AllocationTypeId": null,
            "BusinessUnitId": null,
            "LocationId": null,
            "WeightUomId": null,
            "Volume": null,
            "PreReceiptStatusId": null,
            "SingleItemLpn": true,
            "PurchaseOrderId": null,
            "Canceled": true,
            "DimensionUomId": null,
            "LpnDetail": [
                {                    "LpnDetailId": "450ed00b-c986-452d-ad53-43ebf6b928e7",
                    "ItemId": "DEMO_ITEM_SKU01",
                    "ShippedQuantity": 100.0,
                    "QuantityUomId": "Unit",
                    "LpnDetailStatus": "1000",
                    "ExpiryDate": null,
                    "RetailPrice": null,
                    "CountryOfOrigin": null,
                    "AsnLineId": null,
                    "InventoryTypeId": null,
                    "InventoryAttribute1": null,
                    "InventoryAttribute2": null,
                    "InventoryAttribute3": null,
                    "InventoryAttribute4": null,
                    "InventoryAttribute5": null,
                    "PurchaseOrderLineId": null,
                    "BatchNumber": null,
                    "BusinessUnitId": null,
                    "StandardPackQuantity": null,
                    "ExternalOrderId": null,
                    "PurchaseOrderId": null,
                    "OriginalShippingFacilityId": null,
                    "StandardSubPackQuantity": null,
                    "VendorId": null,
                    "ExternalOrderLineId": null,
                    "SeasonYear": null,
                    "ManufacturingDate": null,
                    "Style": null,
                    "ProductClass": null,
                    "Season": null,
                    "CrossReferenceOrderId": null,
                    "HandlingUomQuantity": null,
                    "TierQuantity": null,
                    "CrossReferenceOrderLineId": null,
                    "PrereceiptAllocatedQuantity": null,
                    "LpnDetailAttribute": [],
                    "ProductStatusId": null
                }
            ]
        }
    ]
}