{
    "AsnId": "{{asnId}}",
    "AsnLevelId": "ITEM",
    "OriginFacilityId": null,
    "DestinationFacilityId": "DEMO-FAC-01",
    "AsnOriginTypeId": "P",
    "Extended": {},
    "EstimatedReceiptDate": null,
    "ReferenceShipmentId": null,
    "VerificationAttempted": false,
    "EstimatedWeight": 1.3228,
    "PreDeterminedLpnCount": 100.0,
    "ShippedLpns": 0.0,
    "ReceivedLpns": 0.0,
    "AsnVerificationDate": null,
    "PreReceiptStatusId": null,
    "Canceled": false,
    "ShippedDate": null,
    "VendorId": null,
    "CarrierId": null,
    "TrailerId": null,
    "AsnStatus": "1000",
    "BillOfLadingNumber": null,
    "FirstReceiptDate": null,
    "LastReceiptDate": null,
    "EstimatedVolume": 0.0706,
    "FacilityTimezone": null,
    "RrnId": null,
    "EstimatedDeliveryDate": null,
    "AsnRequestedService": [],
    "ShipmentAsnAssociation": [
        {
            "ShipmentId": "CS0000205",
            "AsnId": "KROG_ItemReceipt_ASN01"
        }
    ],
    "Lpn": [],
    "AsnLine": [
        {
            "AsnLineId": "527529956",
            "ItemId": "DEMO_ITEM_SKU01",
            "PurchaseOrderId": "KROG_ItemReceipt_PO01",
            "PurchaseOrderLineId": "1",
            "RetailPrice": null,
            "VendorId": null,
            "CountryOfOrigin": null,
            "ShippedQuantity": 100.0,
            "StandardPackQuantity": null,
            "StandardLpnQuantity": null,
            "QuantityUomId": "Packs",
            "InventoryTypeId": null,
            "SeasonYear": null,
            "AsnLineRequestedService": [],
            "ExpiryDate": null,
            "ManufacturingDate": null,
            "Style": null,
            "InventoryAttribute1": null,
            "InventoryAttribute2": null,
            "InventoryAttribute3": null,
            "InventoryAttribute4": null,
            "InventoryAttribute5": null,
            "Season": null,
            "ProductClass": null,
            "HandlingUomQuantity": null,
            "BatchNumber": null,
            "BusinessUnitId": null,
            "Sequence": null,
            "AsnLineAttribute": [],
            "ProductStatusId": null,
            "PreReceiptStatusId": null,
            "ManufacturingFacilityId": null,
            "Canceled": false,
            "StandardSubPackQuantity": null
        }
    ]
}