{
    "FacilityName": "CMSTORE03",
    "FacilityTypeDistribution": false,
    "Description": "CMSTORE03",
    "TimeZone": "US/Eastern",
    "FacilityTypeStore": true,
    "FacilityTypeCrossdock": false,
    "FacilityTypeRail": false,
    "FacilityId": "CMSTORE03",
    "DirectDeliveryAllowed": false,
    "Extended": {},
    "Latitude": 33.8713,
    "Longitude": -84.4629,
    "IsActive": true,
    "ShipperIdentificationNumber": null,
    "RequiresDeliveryAppointment": false,
    "SourceProfile": null,
    "ShipFromFacility": false,
    "PickupAtStore": false,
    "PenaltyForLateDeparture": null,
    "VendorFacility": false,
    "VendorId": null,
    "MaintainPerpetualInventory": false,
    "FacilityTypePort": false,
    "FacilityTypeMaintenance": false,
    "ShipToStore": false,
    "FacilityTypeTerminal": false,
    "YmTmIntegration": false,
    "ShipperIdentificationTypeId": null,
    "ProvisioningProfileTemplate": null,
    "RequiresPickupAppointment": false,
    "FacilityAddress": {
        "FirstName": "Vendor",
        "Address1": "2005 Windy Ridge Pkwy SE",
        "Address2": null,
        "Address3": null,
        "City": "Atlanta",
        "State": "GA",
        "PostalCode": "30339",
        "County": null,
        "Country": "US",
        "Phone": null,
        "Email": null
    }
}