{    "ItemId": "DEMO_ITEM_SKU01",
    "PrimaryBarCode": "DEMO_ITEM_SKU01",
    "ShortDescription": "Item Description - DEMO_ITEM_SKU01",
    "Description": "DEMO_ITEM_SKU01",
    "Extended": {},
    "RetailPrice": 89889.0,
    "ShelfDays": 730,
    "MaximumReceiveToExpireDays": null,
    "TrackCountryOfOrigin": false,
    "BatchMasterValidation": null,
    "DeriveExpiryDate": false,
    "Hazmat": 0,
    "HazardousMaterialId": null,
    "ValidateInventoryExpiryDate": false,
    "TrackShipByDate": false,
    "TrackPackQuantity": false,
    "TrackInventoryType": false,
    "TrackProductStatus": false,
    "TrackBatchNumber": false,
    "NmfcFreightClassId": null,
    "UnitCost": null,
    "CpdWindowCode": null,
    "TrackItemAttribute3": false,
    "TrackItemAttribute2": false,
    "TrackItemAttribute5": false,
    "TrackItemAttribute4": false,
    "TrackItemAttribute1": false,
    "ItemOrientationDimensionId": null,
    "VendorId": null,
    "MerchandizingDepartmentId": null,
    "ItemInstructions": [],
    "ItemComponent": [],
    "ItemClassificationCode": [],
    "SecondDimension": null,
    "RemainderUomId": "UNIT",
    "IncrementalWidth": null,
    "TiersPerPallet": 10,
    "LpnPerTier": 6,
    "ProductLifeInDays": null,
    "Incubate": false,
    "CommodityCode": null,
    "FifoRange": null,
    "Style": null,
    "SizeDescription": "Conveyable",
    "Season": null,
    "ProductClass": null,
    "MaxLpnQuantity": null,
    "IncubationAttribute": [],
    "CubeMultipleQuantity": null,
    "Volume": 0.609984,
    "Width": 1.1811,
    "Length": 1.1811,
    "Weight": 0.006614,
    "Height": 1.1811,
    "MonetaryValue": 12.99,
    "RooCriterionId": null,
    "AverageWeight": null,
    "IncrementalHeight": null,
    "MonetaryValueSizeUomId": "1",
    "WeightUomId": "lb",
    "CpdWindowIncrement": null,
    "DimensionUomId": "in",
    "CountryOfOrigin": null,
    "DisplayUomId": "LPN",
    "Conveyable": true,
    "ClimateControlId": null,
    "StyleSuffix": null,
    "ItemGtin": null,
    "LastExportedDateTime": "2024-08-12T16:16:02",
    "LastCubiscanDateTime": null,
    "Color": null,
    "ImageUrl": "https://www.example.com/content/item.jpg",
    "StoreDepartment": null,
    "DeriveCPDFromShelfdays": false,
    "MaxNestingNumber": null,
    "WeightUnderagePercentage": null,
    "VolumeUomId": "cuin",
    "MerchandizingGroup": null,
    "DeriveConsumptionPriorityDate": false,
    "CatchWeightItem": false,
    "TrackManufacturingDate": false,
    "AssetTypeId": null,
    "SeasonYear": null,
    "HeldStatusConditionCode": null,
    "TrackExpiryDate": false,
    "SerialNumberTrackType": null,
    "SizeCode": null,
    "MerchandizingType": "F",
    "ItemCode": [
        {
            "ScanQuantity": 1,
            "VendorId": null,
            "CodeType": "GTIN",
            "CodeValue": "DEMO_ITEM_SKU01_GTIN"
        },
        {
            "ScanQuantity": 1,
            "VendorId": null,
            "CodeType": "CAS",
            "CodeValue": "DEMO_ITEM_SKU01_UPC"
        }
    ],
    "ItemPackage": [
        {
            "VolumeUomId": null,
            "VendorId": null,
            "Standard": true,
            "UomId": "units",
            "MaxStacking": null,
            "StandardQuantityUomIdDisplay": "Unit",
            "Height": null,
            "Width": null,
            "Quantity": 1.0,
            "StandardQuantityUomId": "UNIT",
            "Weight": null,
            "WeightUomId": null,
            "Volume": null,
            "Length": null,
            "UomIdDisplay": "Units",
            "MaxLanes": null,
            "AverageWeight": null,
            "DimensionUomId": null
        },
        {
            "Standard": false,
            "StandardQuantityUomIdDisplay": "Pack",
            "VolumeUomId": null,
            "VendorId": null,
            "UomId": "packs",
            "MaxStacking": null,
            "Height": null,
            "Width": null,
            "Quantity": 25.0,
            "StandardQuantityUomId": "PACK",
            "Weight": null,
            "WeightUomId": null,
            "Volume": null,
            "Length": null,
            "UomIdDisplay": "Packs",
            "MaxLanes": null,
            "AverageWeight": null,
            "DimensionUomId": null
        },
        {
            "VolumeUomId": null,
            "VendorId": null,
            "Standard": false,
            "UomId": "packs",
            "MaxStacking": null,
            "StandardQuantityUomIdDisplay": "Pack",
            "Height": null,
            "Width": null,
            "Quantity": 4.0,
            "StandardQuantityUomId": "PACK",
            "Weight": null,
            "WeightUomId": null,
            "Volume": null,
            "Length": null,
            "UomIdDisplay": "Packs",
            "MaxLanes": null,
            "AverageWeight": null,
            "DimensionUomId": null
        },
        {
            "VolumeUomId": "cuin",
            "VendorId": null,
            "Standard": true,
            "UomId": "case",
            "MaxStacking": null,
            "StandardQuantityUomIdDisplay": "Pack",
            "Height": null,
            "Width": null,
            "Quantity": 13.0,
            "StandardQuantityUomId": "PACK",
            "Weight": 15.0,
            "WeightUomId": "lb",
            "Volume": 15.000768,
            "Length": null,
            "UomIdDisplay": "Case",
            "MaxLanes": null,
            "AverageWeight": null,
            "DimensionUomId": null
        },
        {
            "VolumeUomId": "cuin",
            "VendorId": null,
            "Standard": true,
            "UomId": "standardCase",
            "MaxStacking": null,
            "StandardQuantityUomIdDisplay": "LPN",
            "Height": null,
            "Width": null,
            "Quantity": 13.0,
            "StandardQuantityUomId": "LPN",
            "Weight": 15.0,
            "WeightUomId": "lb",
            "Volume": 15.000768,
            "Length": null,
            "UomIdDisplay": "Standard Case",
            "OriginalHeight": null,
            "MaxLanes": null,
            "AverageWeight": null,
            "DimensionUomId": null
        }
    ]
}