{
    "OriginalOrderId": "KROG_P1_ORDER0001",
    "AlternateOriginalOrderId": null,
    "OrderId": null,
    "CustomerId": null,
    "ExternalOrgId": null,
    "OrderPlacedDateTime": "2023-02-21T00:00:00",
    "OrderType": "B2C",
    "PickupStartDateTime": "2023-02-21T01:00:00",
    "PickupEndDateTime": "2023-02-28T16:00:00",
    "DeliveryStartDateTime": "2023-02-28T17:00:00",
    "DeliveryEndDateTime": "2023-03-28T11:00:00",
    "DestinationAddress": {
        "FirstName": "Arul",
        "LastName": "M",
        "Address1": "Brigade Tech Gardens",
        "Address2": "B1 Block",
        "Address3": "Floor 5 and 6",
        "City": "Bangalore",
        "State": "",
        "PostalCode": "560037",
        "County": null,
        "Country": "IN",
        "Phone": "1222122121",
        "Email": "test@example.com"
    },
    "DestinationFacilityId": "",
    "DestinationDockId": null,
    "DestinationLatitude": null,
    "DestinationLongitude": null,
    "OriginAddress": null,
    "OriginFacilityId": "DEMO-FAC-01",
    "OriginDockId": null,
    "OriginLatitude": null,
    "OriginLongitude": null,
    "BillingMethodId": "Prepaid",
    "BillingAccountNumber": null,
    "CollectOnDeliveryFundsId": null,
    "DutyTaxPayer": null,
    "B13aTransactionNumber": null,
    "MinimumStatus": "1000",
    "MaximumStatus": "1000",
    "TransportationResponsibilityId": null,
    "MultipleShipmentEligible": true,
    "DocumentsOnly": false,
    "IsEstimationOrder": false,
    "CreatedFromReleaseOrder": false,
    "Cancelled": false,
    "PostOfficeBoxDestination": false,
    "MustShipTogetherRestricted": false,
    "MustShipTogetherCode": null,
    "Extended": {
        "ParentOrderId": null,
        "StorePackSequence": null,
        "ShippingMod": null
    },
    "FacilityTimeZone": null,
    "PickupTimeZone": null,
    "DeliveryTimeZone": null,
    "ReservedFor": null,
    "DesignatedShipmentBusinessUnitId": null,
    "MarkForStoreNumber": null,
    "DesignatedStaticRouteId": null,
    "InternationalGoodsDescription": null,
    "DesignatedStopSequenceNumber": null,
    "ForeignTradeStatisticsRegulationNumber": null,
    "MarkForAddress": null,
    "MarkForStoreName": null,
    "DocumentTemplateFormatXref": null,
    "DeliveryMethod": null,
    "DesignatedShipViaId": "",
    "BillToIdentificationNumber": null,
    "BillToIdentificationType": null,
    "BillToTitle": null,
    "BillToAddress": null,
    "BillToFacilityId": null,
    "ConsigneeId": null,
    "TaxId": null,
    "EeiMethodId": null,
    "AesItn": null,
    "ExportReasonId": null,
    "ExportCodeId": null,
    "PortExportationCode": null,
    "PortUnladingCode": null,
    "ReportingOrderType": null,
    "Priority": null,
    "BusinessUnitId": null,
    "BusinessUnitGroupId": null,
    "DesignatedModeId": "",
    "DesignatedFinalDeliveryModeId": null,
    "DesignatedFinalDeliveryCarrierId": null,
    "DesignatedFinalDeliveryServiceLevelId": null,
    "DesignatedFinalDeliveryShipViaId": null,
    "DesignatedParcelRateShopGroupId": null,
    "DesignatedShipmentId": null,
    "DesignatedServiceLevelId": "",
    "PlanningTypeId": null,
    "IncotermId": null,
    "PrePackTypeId": null,
    "AllowFacilityCreatedLines": false,
    "AggregationAttribute": "",
    "RelatedParties": false,
    "OriginalOrderAttributes": [],
    "OriginalOrderNotes": [],
    "OriginalOrderInstruction": [],
    "OriginalOrderAccessorial": [],
    "OriginalOrderRequestedServices": [],
    "OriginalOrderContact": [],
    "OriginalOrderLine": [
        {
            "PrePackGroupCode": null,
            "DeliveryEndDateTime": null,
            "Extended": {
                "StoreAisle": null,
                "StorePackSequence": null,
                "ShippingMod": null,
                "ChainIdentifier": null
            },
            "DesignatedShipmentBusinessUnitId": null,
            "BatchNumber": null,
            "DesignatedPathId": null,
            "DesignatedStaticRouteId": null,
            "RequiredPalletQuantity": 0,
            "Volume": null,
            "CountryOfOriginId": null,
            "OriginalOrderLineAttributes": [],
            "Reference1": null,
            "Reference2": null,
            "CommodityCodeId": null,
            "HazardousMaterialId": null,
            "DesignatedPathSetId": null,
            "Description": null,
            "UnitTax": null,
            "MerchandizingDepartmentId": null,
            "DesignatedStopSequenceNumber": null,
            "QuantityUomId": "Units",
            "DesignatedFinalDeliveryCarrierId": null,
            "OriginalOrderLineFinancials": [],
            "UnitVolume": null,
            "OriginalOrderLineNotes": [],
            "Width": null,
            "CubeMultipleQuantity": null,
            "DesignatedShipViaId": null,
            "RequestedInventoryAttributeName": null,
            "EntityLabels": null,
            "WeightUomId": null,
            "ProductStatusId": null,
            "Gift": false,
            "UnitPrice": null,
            "RequiredSubPackQuantity": 0,
            "Length": null,
            "OrderedQuantity": 5,
            "LoadingSequence": null,
            "DimensionUomId": null,
            "AllowItemSub": false,
            "RequiredLpnQuantity": 0,
            "InventoryTypeId": null,
            "ItemId": "KROG_MANH-DEV-L2_SKU08",
            "ReasonCodeId": null,
            "AssortNumber": null,
            "RequestedInventoryCaptureLevelUomId": null,
            "DesignatedStopId": null,
            "UnitWeight": null,
            "PrePackQuantity": null,
            "ContainerTypeId": null,
            "AllocateSingleBatch": false,
            "DesignatedModeId": null,
            "MerchandizeTypeId": null,
            "CreatedFromReleaseOrder": false,
            "ClimateControlId": null,
            "RequiredPackQuantity": 0,
            "Priority": null,
            "DesignatedEquipmentTypeId": null,
            "BusinessUnitId": null,
            "OriginalOrderLineInstruction": [],
            "HazardousMaterial": false,
            "OriginalOrderLineSupplementalQuantity": [],
            "AlternateOriginalOrderId": null,
            "AlternateOriginalOrderLineId": null,
            "Weight": null,
            "OriginalOrderLineRequestedServices": [],
            "DesignatedFinalDeliveryModeId": null,
            "ItemAttribute4": null,
            "OriginalOrderLineId": "1",
            "ItemAttribute3": null,
            "MerchandizeGroupId": null,
            "DepartmentName": null,
            "ItemAttribute2": null,
            "Splittable": false,
            "ItemAttribute1": null,
            "ItemAttribute5": null,
            "VolumeUomId": null,
            "ReferenceOrder": null,
            "DesignatedParcelRateShopGroupId": null,
            "ProductClassId": null,
            "DeliveryStartDateTime": null,
            "ReferenceOrderLine": null,
            "DesignatedShipmentId": null,
            "AssignedShipViaId": null,
            "DesignatedServiceLevelId": null,
            "Height": null,
            "StoreDepartment": null,
            "RequiredShelfDays": null,
            "DesignatedFinalDeliveryServiceLevelId": null,
            "DesignatedFinalDeliveryShipViaId": null,
            "Cancelled": false,
            "MustShipTogetherRestricted": false,
            "PickupEndDateTime": null,
            "ExecutionSequence": null,
            "CustomerItemNumber": null,
            "NmfcFreightClassId": null,
            "FacilityId": "MANH-DEV-L2",
            "UnitCost": null,
            "AllocationSourceTypeId": null,
            "DesignatedCarrierId": null,
            "RequestedInventoryAttributeValue": null,
            "MustShipTogetherCode": null,
            "PickupStartDateTime": null,
            "DepartmentId": null,
            "RequiredBundleQuantity": 0,
            "AllocationSourceId": null
        }
    ]
}