{
        "PurchaseOrderId": "KROG_ItemReceipt_PO01",
        "DeliveryStartDate": null,
        "OriginFacilityAliasId": null,
        "VendorId": "",
        "Extended": {},
        "PurchaseOrderStatus": "2000",        "OriginFacilityId": "DEMO-FAC-01",
        "DestinationFacilityId": "DEMO-FAC-01",
        "DestinationFacilityAliasId": null,
        "FacilityTimezone": null,
        "DeliveryEndDate": null,
        "Closed": false,
        "Canceled": false,
        "PurchaseOrderLine": [
            {
                "PurchaseOrderLineId": "1",
                "PurchaseOrderId": "KROG_ItemReceipt_PO01",
                "ItemId": "DEMO_ITEM_SKU01",
                "OrderQuantity": 80.0,
                "ShippedQuantity": 80.0,
                "UnShippedQuantity": 0.0,
                "DeliveryStartDate": null,
                "CountryOfOrigin": null,
                "QuantityUomId": "Unit",
                "InventoryTypeId": null,
                "InventoryAttribute1": null,
                "InventoryAttribute2": null,
                "InventoryAttribute3": null,
                "InventoryAttribute4": null,
                "InventoryAttribute5": null,
                "BatchNumber": null,
                "BusinessUnitId": null,
                "DeliveryEndDate": null,
                "EntityLabels": null,
                "ProductStatusId": null,
                "StandardPackQuantity": null,
                "Closed": false,
                "Canceled": false
            },
            {
                "PurchaseOrderLineId": "2",
                "PurchaseOrderId": "KROG_ItemReceipt_PO01",
                "ItemId": "DEMO_ITEM_SKU02",
                "OrderQuantity": 100.0,
                "ShippedQuantity": 100.0,
                "UnShippedQuantity": 0.0,
                "DeliveryStartDate": null,
                "CountryOfOrigin": null,
                "QuantityUomId": "Unit",
                "InventoryTypeId": null,
                "InventoryAttribute1": null,
                "InventoryAttribute2": null,
                "InventoryAttribute3": null,
                "InventoryAttribute4": null,
                "InventoryAttribute5": null,
                "BatchNumber": null,
                "BusinessUnitId": null,
                "DeliveryEndDate": null,
                "EntityLabels": null,
                "ProductStatusId": null,
                "StandardPackQuantity": null,
                "Closed": false,
                "Canceled": false
            }
        ]
    }